id;name;email;phone;gender;address_street;address_city;address_state;address_zip;project_id
1000;user1;user1@test.com;123456;female;street1;city1;state1;560078;1
2000;user2;user2@test.com;9856748;female;street2;city2;state2;560079;2
3000;user3;user3@test.com;9856748;male;street3;city3;state3;560078;3
4000;user4;user4@test.com;9856748;female;street4;city4;state4;560078;3
5000;user5;user5@test.com;9856748;male;street5;city5;state5;560079;4
6000;user6;user6@test.com;9856748;male;street6;city6;state6;560078;5
7000;user7;user7@test.com;9856748;female;street7;city7;state7;560078;5
8000;user8;user8@test.com;9856748;female;street8;city8;state8;560079;6
9000;user9;user9@test.com;9856748;male;street9;city9;state9;560078;6
